"Rank","Name","Symbol","marketcap","price (USD)","country"
"1","Apple","AAPL","3548944269312","236","United States"
"2","Microsoft","MSFT","3085547601920","415.06","United States"
"3","NVIDIA","NVDA","2940514336768","120.07","United States"
"4","Alphabet (Google)","GOOG","2504763113472","205.6","United States"
"5","Amazon","AMZN","2499205136384","237.68","United States"
"6","Saudi Aramco","2222.SR","1794537556456","7.42026","Saudi Arabia"
"7","Meta Platforms (Facebook)","META","1746147737600","689.18","United States"
"8","Tesla","TSLA","1301403926528","404.6","United States"
"9","TSMC","TSM","1085648601088","209.32","Taiwan"
"10","Broadcom","AVGO","1037172146176","221.27","United States"
"11","Berkshire Hathaway","BRK-B","1010954076160","468.67","United States"
"12","Walmart","WMT","788557594624","98.16","United States"
"13","JPMorgan Chase","JPM","747798462464","267.3","United States"
"14","Eli Lilly","LLY","729417187328","811.08","United States"
"15","Visa","V","659909836800","341.8","United States"
"16","Mastercard","MA","507697987584","555.43","United States"
"17","UnitedHealth","UNH","499244859392","542.49","United States"
"18","Tencent","TCEHY","482631614464","53.06","China"
"19","Oracle","ORCL","475651014656","170.06","United States"
"20","Exxon Mobil","XOM","469527461888","106.83","United States"
"21","Costco","COST","434967773184","979.88","United States"
"22","Netflix","NFLX","417815920640","976.76","United States"
"23","Home Depot","HD","409245712384","411.98","United States"
"24","Procter & Gamble","PG","389221646336","165.99","United States"
"25","Novo Nordisk","NVO","373115289600","84.45","Denmark"
"26","Johnson & Johnson","JNJ","366319370240","152.15","United States"
"27","LVMH","MC.PA","364390526394","729.696","France"
"28","Bank of America","BAC","352382812160","46.3","United States"
"29","Salesforce","CRM","327006912512","341.7","United States"
"30","AbbVie","ABBV","324977033216","183.9","United States"
"31","SAP","SAP","322023981056","276.06","Germany"
"32","ICBC","1398.HK","315334493284","0.678861","China"
"33","Hermès","RMS.PA","296207085439","2825.43","France"
"34","ASML","ASML","290696691712","739.31","Netherlands"
"35","Coca-Cola","KO","273459150848","63.48","United States"
"36","T-Mobile US","TMUS","266652794880","232.97","United States"
"37","Chevron","CVX","265993830400","149.19","United States"
"38","Wells Fargo","WFC","259168485376","78.8","United States"
"39","Roche","ROG.SW","252427278583","314.034","Switzerland"
"40","Merck","MRK","249979011072","98.82","United States"
"41","Kweichow Moutai","600519.SS","248632368162","197.924","China"
"42","Toyota","TM","247420829696","188.93","Japan"
"43","Samsung","005930.KS","245157700356","36.014","South Korea"
"44","Agricultural Bank of China","601288.SS","243906819594","0.711704","China"
"45","Cisco","CSCO","241355243520","60.6","United States"
"46","Accenture","ACN","240778526720","384.95","Ireland"
"47","International Holding Company","IHC.AE","240056551514","109.44","United Arab Emirates"
"48","IBM","IBM","236431720448","255.7","United States"
"49","Alibaba","BABA","234838900736","98.84","China"
"50","Thermo Fisher Scientific","TMO","228639375360","597.75","United States"
"51","American Express","AXP","222849908736","317.45","United States"
"52","Morgan Stanley","MS","222457004032","138.43","United States"
"53","Abbott Laboratories","ABT","221889478656","127.93","United States"
"54","AstraZeneca","AZN","219433140224","70.76","United Kingdom"
"55","Nestlé","NESN.SW","218753214041","85.0746","Switzerland"
"56","General Electric","GE","218571079680","203.57","United States"
"57","China Mobile","0941.HK","214131302006","9.71452","China"
"58","Linde","LIN","212423606272","446.12","United Kingdom"
"59","ServiceNow","NOW","210282233856","1018.38","United States"
"60","Novartis","NVS","209363566592","104.72","Switzerland"
"61","McDonald","MCD","206888206336","288.7","United States"
"62","Pepsico","PEP","206745174016","150.69","United States"
"63","China Construction Bank","601939.SS","204770595486","1.1779","China"
"64","Walt Disney","DIS","204464488448","113.06","United States"
"65","PetroChina","0857.HK","204309808388","0.768692","China"
"66","Intuitive Surgical","ISRG","203691655168","571.88","United States"
"67","Philip Morris","PM","202438852608","130.2","United States"
"68","Bank of China","601988.SS","201101693115","0.751703","China"
"69","Shell","SHEL","199057965056","65.85","United Kingdom"
"70","Goldman Sachs","GS","198812172288","640.4","United States"
"71","L'Oréal","OR.PA","198683589901","371.849","France"
"72","Reliance Industries","RELIANCE.NS","197892034680","14.6236","India"
"73","QUALCOMM","QCOM","191155077120","172.93","United States"
"74","Adobe","ADBE","190421991424","437.45","United States"
"75","AMD","AMD","188164816896","115.95","United States"
"76","Palantir","PLTR","187913879552","82.49","United States"
"77","HSBC","HSBC","187008385024","52.43","United Kingdom"
"78","Caterpillar","CAT","179331973120","371.44","United States"
"79","Royal Bank Of Canada","RY","173402750976","121.93","Canada"
"80","Tata Consultancy Services","TCS.NS","171990071195","47.5362","India"
"81","Raytheon Technologies","RTX","171635032064","128.95","United States"
"82","AT&T","T","170286481408","23.73","United States"
"83","Inditex","IDEXY","169475538944","27.22","Spain"
"84","Siemens","SIE.DE","168528549852","215.175","Germany"
"85","Texas Instruments","TXN","168404385792","184.61","United States"
"86","Intuit","INTU","168372879360","601.51","United States"
"87","Arm Holdings","ARM","167687045120","159.55","United Kingdom"
"88","Prosus","PRX.AS","167599722163","38.357","Netherlands"
"89","Deutsche Telekom","DTE.DE","167055638278","33.5546","Germany"
"90","Commonwealth Bank","CBA.AX","166881672037","99.8054","Australia"
"91","BlackRock","BLK","166572376064","1075.5","United States"
"92","Verizon","VZ","165817319424","39.39","United States"
"93","S&P Global","SPGI","161793507328","521.41","United States"
"94","Danaher","DHR","160172343296","222.74","United States"
"95","Booking Holdings (Booking.com)","BKNG","156797599744","4737.56","United States"
"96","CATL","300750.SZ","156091110570","35.4473","China"
"97","Pinduoduo","PDD","155417264128","111.91","China"
"98","HDFC Bank","HDB","154635632640","60.64","India"
"99","KKR & Co.","KKR","154171867136","167.07","United States"
"100","Amgen","AMGN","153422675968","285.42","United States"
"101","Citigroup","C","152852250624","81.43","United States"
"102","Shopify","SHOP","151732535296","116.8","Canada"
"103","Charles Schwab","SCHW","151423926272","82.72","United States"
"104","Boston Scientific","BSX","150861234176","102.36","United States"
"105","Fomento Económico Mexicano","FMX","150577004544","85.32","Mexico"
"106","Pfizer","PFE","150288580608","26.52","United States"
"107","Union Pacific Corporation","UNP","150224420864","247.79","United States"
"108","Stryker Corporation","SYK","149166014464","391.29","United States"
"109","Nextera Energy","NEE","147155976192","71.56","United States"
"110","Lowe's Companies","LOW","146831589376","260.04","United States"
"111","Applied Materials","AMAT","146570625024","180.35","United States"
"112","Mitsubishi UFJ Financial","MUFG","146282299392","12.61","Japan"
"113","Honeywell","HON","145473257472","223.72","United States"
"114","Arista Networks","ANET","145162141696","115.23","United States"
"115","Progressive","PGR","144367271936","246.44","United States"
"116","Schneider Electric","SU.PA","142759564892","254.486","France"
"117","Unilever","UL","141913374720","57.38","United Kingdom"
"118","CM Bank","3968.HK","141655102800","5.47324","China"
"119","Uber","UBER","140766707712","66.85","United States"
"120","TJX Companies","TJX","140283920384","124.79","United States"
"121","Airbus","AIR.PA","136949294787","173.343","Netherlands"
"122","Sanofi","SNY","136240160768","54.34","France"
"123","Sony","SONY","132614217728","22.01","Japan"
"124","Boeing","BA","132251615232","176.52","United States"
"125","China Life Insurance","601628.SS","130228317330","5.59985","China"
"126","TotalEnergies","TTE","129963991040","58.03","France"
"127","Deere & Company","DE","129791598592","476.56","United States"
"128","Eaton","ETN","129009090560","326.44","Ireland"
"129","Comcast","CMCSA","128801333248","33.66","United States"
"130","Blackstone Group","BX","127873420000","177.11","United States"
"131","ConocoPhillips","COP","127842541568","98.83","United States"
"132","Allianz SE","ALV.DE","125931857757","326.107","Germany"
"133","EssilorLuxottica","EL.PA","125818779098","275.594","France"
"134","BHP Group","BHP","124374075000","49.15","Australia"
"135","AppLovin","APP","124031442944","369.59","United States"
"136","Automatic Data Processing","ADP","123285987328","303.01","United States"
"137","Fiserv","FI","122909253632","216.04","United States"
"138","Starbucks","SBUX","122316939264","107.68","United States"
"139","Dior","CDI.PA","121914506396","675.76","France"
"140","Gilead Sciences","GILD","121137438720","97.2","United States"
"141","Palo Alto Networks","PANW","121016401920","184.42","United States"
"142","Bristol-Myers Squibb","BMY","119561207808","58.95","United States"
"143","Vertex Pharmaceuticals","VRTX","118895984640","461.68","United States"
"144","Xiaomi","XIACF","117865996288","5.15","China"
"145","CNOOC","0883.HK","116812117396","2.36639","China"
"146","Ping An Insurance","601318.SS","116794666661","7.0136","China"
"147","Hitachi","6501.T","116467569364","25.4413","Japan"
"148","Medtronic","MDT","116457578496","90.82","Ireland"
"149","Meituan","3690.HK","114986098870","19.0184","China"
"150","Compagnie Financière Richemont","CFR.SW","113824868508","194.459","Switzerland"
"151","Nike","NKE","113745100800","76.9","United States"
"152","UBS","UBS","113218256896","35.42","Switzerland"
"153","Bharti Airtel","BHARTIARTL.NS","112510428937","18.7988","India"
"154","Spotify","SPOT","110850441216","548.55","Sweden"
"155","Prologis","PLD","110446362624","119.25","United States"
"156","Lockheed Martin","LMT","108971950080","462.95","United States"
"157","Chubb","CB","108943409152","271.88","Switzerland"
"158","BYD","002594.SZ","106595828913","37.861","China"
"159","Marsh & McLennan Companies","MMC","106514538496","216.88","United States"
"160","Al Rajhi Bank","1120.SR","105698652622","26.4247","Saudi Arabia"
"161","Keyence","6861.T","105155351847","433.586","Japan"
"162","Analog Devices","ADI","105128370176","211.89","United States"
"163","China Shenhua Energy","601088.SS","104421946769","5.51709","China"
"164","Recruit","6098.T","104231109291","70.4698","Japan"
"165","Lam Research","LRCX","104146010112","81.05","United States"
"166","Safran","SAF.PA","103481223342","248.833","France"
"167","GE Vernova","GEV","102785867776","372.88","United States"
"168","ICICI Bank","IBN","101729476608","28.67","India"
"169","Micron Technology","MU","101656870912","91.24","United States"
"170","Fast Retailing","9983.T","100933471669","329.009","Japan"
"171","ABB","ABBN.SW","100837868453","54.8461","Switzerland"
"172","Air Liquide","AI.PA","100807619990","174.878","France"
"173","Toronto Dominion Bank","TD","100399251456","57.07","Canada"
"174","KLA","KLAC","98746982400","738.24","United States"
"175","CrowdStrike","CRWD","98049024000","398.07","United States"
"176","Marvell Technology Group","MRVL","97657757696","112.86","United States"
"177","China Yangtze Power","600900.SS","97532612843","3.9861","China"
"178","United Parcel Service","UPS","97480458240","114.23","United States"
"179","MercadoLibre","MELI","97450033152","1922.19","Argentina"
"180","Rio Tinto","RIO","97077657600","60.41","United Kingdom"
"181","Apollo Global Management","APO","96743219200","170.98","United States"
"182","Sumitomo Mitsui Financial Group","SMFG","96414515200","14.88","Japan"
"183","TAQA","TAQA.AE","95828123979","0.85","United Arab Emirates"
"184","Anheuser-Busch Inbev","BUD","95266578432","49.18","Belgium"
"185","Enbridge","ENB","94681776128","43.24","Canada"
"186","Sinopec","600028.SS","94542644703","0.838598","China"
"187","SK Hynix","000660.KS","94379551879","136.908","South Korea"
"188","Constellation Energy","CEG","93845151744","299.98","United States"
"189","DBS Group","D05.SI","93361607865","32.8256","Singapore"
"190","Brookfield Corporation","BN","92804907008","61.2","Canada"
"191","RELX","RELX","92452159488","49.89","United Kingdom"
"192","Southern Company","SO","91982331904","83.95","United States"
"193","Interactive Brokers","IBKR","91873181696","217.44","United States"
"194","Elevance Health","ELV","91771936768","395.7","United States"
"195","Intercontinental Exchange","ICE","91770716160","159.83","United States"
"196","Parker-Hannifin","PH","91011473408","707.05","United States"
"197","Infosys","INFY","90918879232","21.95","India"
"198","Moody's","MCO","90514014208","499.44","United States"
"199","Sherwin-Williams","SHW","90203668480","358.16","United States"
"200","Iberdrola","IBE.MC","90009848539","14.1479","Spain"
"201","PayPal","PYPL","88804999168","88.58","United States"
"202","Waste Management","WM","88404877312","220.26","United States"
"203","Altria Group","MO","88302649344","52.23","United States"
"204","Equinix","EQIX","88157405184","913.66","United States"
"205","Zurich Insurance Group","ZURN.SW","87557955802","608.084","Switzerland"
"206","SoftBank","9984.T","87441684265","60.6762","Japan"
"207","British American Tobacco","BTI","87250018304","39.64","United Kingdom"
"208","Investor AB","INVE-B.ST","87172506089","28.5199","Sweden"
"209","Duke Energy","DUK","86510256128","111.99","United States"
"210","American Tower","AMT","86425100288","184.95","United States"
"211","Petrobras","PBR","86319497216","14.21","Brazil"
"212","Amphenol","APH","85333073920","70.78","United States"
"213","CME Group","CME","85232820224","236.52","United States"
"214","Welltower","WELL","84984725504","136.48","United States"
"215","China Telecom","0728.HK","84966226474","0.624963","China"
"216","MicroStrategy","MSTR","84484259840","334.79","United States"
"217","CSL","CSL.AX","84405815967","174.318","Australia"
"218","Intel","INTC","84131897344","19.43","United States"
"219","HCA Healthcare","HCA","83565207552","329.91","United States"
"220","AXA","CS.PA","83499354042","38.0147","France"
"221","3M","MMM","82107334656","152.2","United States"
"222","Airbnb","ABNB","81951334400","131.17","United States"
"223","NTT (Nippon Telegraph &amp; Telephone)","9432.T","81846633481","0.984513","Japan"
"224","Trane Technologies","TT","81627455488","362.75","Ireland"
"225","Cadence Design Systems","CDNS","81626152960","297.62","United States"
"226","BP","BP","81235877888","31.06","United Kingdom"
"227","Synopsys","SNPS","81227644928","525.48","United States"
"228","Cintas","CTAS","80938819584","200.57","United States"
"229","Marriott International","MAR","80752926720","290.59","United States"
"230","Cigna","CI","80551460864","294.21","United States"
"231","Aon","AON","80195756032","370.82","United Kingdom"
"232","ACWA POWER Company","2082.SR","79972733284","109.169","Saudi Arabia"
"233","Atlassian","TEAM","79895633920","306.78","Australia"
"234","State Bank of India","SBIN.NS","79733657320","8.93412","India"
"235","PNC Financial Services","PNC","79563538432","200.95","United States"
"236","Chipotle Mexican Grill","CMG","79507120128","58.35","United States"
"237","London Stock Exchange","LSEG.L","79096666858","149.162","United Kingdom"
"238","Atlas Copco","ATCO-B.ST","78790918221","14.9452","Sweden"
"239","DoorDash","DASH","78439227392","188.83","United States"
"240","Motorola Solutions","MSI","78421524480","469.25","United States"
"241","Intesa Sanpaolo","ISP.MI","77821229964","4.34913","Italy"
"242","Santander","SAN","77697835008","5.09","Spain"
"243","Capital One","COF","77660372992","203.71","United States"
"244","Midea","000333.SZ","77580723520","10.1901","China"
"245","Mondelez","MDLZ","77543653376","57.99","United States"
"246","Tokyo Electron","8035.T","77539610843","168.953","Japan"
"247","Fortinet","FTNT","77319774208","100.88","United States"
"248","Zoetis","ZTS","77104095232","170.9","United States"
"249","Nintendo","7974.T","77049044912","65.9566","Japan"
"250","BNP Paribas","BNP.PA","77022125472","68.1672","France"
"251","National Australia Bank","NAB.AX","76685757416","24.9514","Australia"
"252","Ferrari","RACE","76668223488","428.52","Italy"
"253","Illinois Tool Works","ITW","76529950720","259.16","United States"
"254","Thomson Reuters","TRI","76075917312","168.25","Canada"
"255","TransDigm","TDG","75841175552","1353.34","United States"
"256","Foxconn (Hon Hai Precision Industry)","2317.TW","75819557588","5.46979","Taiwan"
"257","McKesson","MCK","75497562112","594.75","United States"
"258","Arthur J. Gallagher & Co.","AJG","75395547136","301.82","United States"
"259","Canadian Pacific Railway","CP","74739941376","79.6","Canada"
"260","O'Reilly Automotive","ORLY","74727776256","1294.42","United States"
"261","Air Products and Chemicals","APD","74554785792","335.26","United States"
"262","U.S. Bancorp","USB","74536796160","47.78","United States"
"263","AIA","1299.HK","74460547801","6.96186","Hong Kong"
"264","Emerson","EMR","74010550272","129.95","United States"
"265","Regeneron Pharmaceuticals","REGN","73953771520","672.98","United States"
"266","Coinbase","COIN","72934465536","291.33","United States"
"267","Munich RE (Münchener Rück)","MUV2.DE","72753457044","541.852","Germany"
"268","Bank of Montreal","BMO","72695259136","99.04","Canada"
"269","ADNOC Gas","ADNOCGAS.AE","72521357799","0.94","United Arab Emirates"
"270","Southern Copper","SCCO","72417361920","91.62","United States"
"271","Enel","ENEL.MI","72349286655","7.12478","Italy"
"272","Dell","DELL","72282243072","103.6","United States"
"273","Westpac Banking","WBC.AX","72088642663","20.9669","Australia"
"274","GlaxoSmithKline","GSK","71960322048","35.27","United Kingdom"
"275","Becton Dickinson","BDX","71805984768","247.6","United States"
"276","Royal Caribbean","RCL","71688740864","266.6","United States"
"277","Bank Central Asia","BBCA.JK","71495569533","0.579968","Indonesia"
"278","Chugai Pharmaceutical","4519.T","71443298534","43.4166","Japan"
"279","UniCredit","UCG.MI","71089965273","46.0741","Italy"
"280","CVS Health","CVS","71074996224","56.48","United States"
"281","MediaTek","2454.TW","70956877348","44.518","Taiwan"
"282","Postal Savings Bank of China","601658.SS","70845241279","0.746186","China"
"283","Ecolab","ECL","70844301312","250.19","United States"
"284","Colgate-Palmolive","CL","70834855936","86.7","United States"
"285","Enterprise Products","EPD","70771490816","32.65","United States"
"286","EOG Resources","EOG","70750584832","125.79","United States"
"287","Northrop Grumman","NOC","70630760448","487.27","United States"
"288","Energy Transfer Partners","ET","70121881600","20.48","United States"
"289","Sea (Garena)","SE","69948866560","121.79","Singapore"
"290","Workday","WDAY","69707956224","262.06","United States"
"291","Scotiabank","BNS","69638275072","51.17","Canada"
"292","General Dynamics","GD","69472231424","256.98","United States"
"293","Constellation Software","CSU.TO","69450197813","3277.27","Canada"
"294","Mizuho Financial Group","MFG","69041971200","5.48","Japan"
"295","Wuliangye Yibin","000858.SZ","68100298704","17.5443","China"
"296","Republic Services","RSG","67913273344","216.87","United States"
"297","Williams Companies","WMB","67569725440","55.43","United States"
"298","Bank of Communications","601328.SS","67202543546","0.999972","China"
"299","Hindustan Unilever","HINDUNILVR.NS","67130546424","28.5374","India"
"300","Autodesk","ADSK","67096567808","311.34","United States"
"301","Cement Roadstone Holding","CRH","67035488256","99.03","Ireland"
"302","KDDI","9433.T","66925954958","33.4361","Japan"
"303","Diageo","DEO","66648014848","119.97","United Kingdom"
"304","NetEase","NTES","66286206976","102.85","China"
"305","Canadian National Railway","CNI","65951248384","104.51","Canada"
"306","Itōchū Shōji","8001.T","65726605041","46.3115","Japan"
"307","Equinor","EQNR","65303658496","23.99","Norway"
"308","Simon Property Group","SPG","65279733760","173.86","United States"
"309","Banco Bilbao Vizcaya Argentaria","BBVA","65276329984","11.34","Spain"
"310","ITC","ITC.NS","64719928302","5.17275","India"
"311","Merck KGaA","MRK.DE","64714233893","151.851","Germany"
"312","Canadian Natural Resources","CNQ","64462491648","30.35","Canada"
"313","Tokio Marine","8766.T","64341143742","33.2684","Japan"
"314","Rolls-Royce Holdings","RR.L","63878461236","7.51078","United Kingdom"
"315","Mitsubishi Corporation","8058.T","63823312091","16.0507","Japan"
"316","Siemens Healthineers","SHL.DE","63805704470","57.0065","Germany"
"317","FedEx","FDX","63794204672","264.87","United States"
"318","Nu Holdings","NU","63639248896","13.24","Brazil"
"319","CSX Corporation","CSX","63387160576","32.87","United States"
"320","Target","TGT","63192018944","137.91","United States"
"321","Truist Financial","TFC","62665060352","47.62","United States"
"322","Shin-Etsu Chemical","4063.T","62543024782","31.4438","Japan"
"323","Jingdong Mall","JD","62494613504","40.72","China"
"324","Hilton Worldwide","HLT","62424748032","256.07","United States"
"325","Ares Management","ARES","62053765120","198.22","United States"
"326","Life Insurance Corporation of India (LIC)","LICI.NS","61812595340","9.77275","India"
"327","Roper Technologies","ROP","61726375936","575.65","United States"
"328","BNY Mellon (Bank of New York Mellon)","BK","61670244352","85.93","United States"
"329","Sberbank","SBER.ME","61587119336","2.86","Russia"
"330","Kinder Morgan","KMI","61050662912","27.48","United States"
"331","Vinci","DG.PA","60934090256","108.391","France"
"332","National Grid","NGG","60075909120","61.4","United Kingdom"
"333","Snowflake","SNOW","59911188480","181.51","United States"
"334","MetLife","MET","59901251584","86.51","United States"
"335","CIBC","CM","59725189120","63.02","Canada"
"336","Aflac","AFL","59652595712","107.38","United States"
"337","Mercedes-Benz","MBG.DE","58846906138","61.114","Germany"
"338","Foxconn Industrial Internet","601138.SS","58780256395","2.95854","China"
"339","Compass Group","CPG.L","58706679966","34.5917","United Kingdom"
"340","Carrier","CARR","58660700160","65.38","United States"
"341","The Trade Desk","TTD","58577362944","118.68","United States"
"342","Industrial Bank","601166.SS","58195085774","2.8013","China"
"343","Paccar","PCAR","58145472512","110.88","United States"
"344","Saudi Telecom Company","7010.SR","57902315467","11.6108","Saudi Arabia"
"345","Norfolk Southern","NSC","57779748864","255.3","United States"
"346","Mitsui Bussan","8031.T","57667662370","19.8966","Japan"
"347","Macquarie","MQG.AX","57652919259","149.683","Australia"
"348","Porsche","P911.DE","57625630271","63.9353","Germany"
"349","OCBC Bank","O39.SI","57559559912","12.8035","Singapore"
"350","Zijin Mining","601899.SS","57246100956","2.23994","China"
"351","Vistra","VST","57168171008","168.03","United States"
"352","Rosneft","ROSN.ME","56969673234","5.42","Russia"
"353","Larsen &amp; Toubro","LT.NS","56707438690","41.2364","India"
"354","Oneok","OKE","56645545984","97.17","United States"
"355","LG Energy Solution","373220.KS","56610700118","241.926","South Korea"
"356","ANZ Bank","ANZ.AX","56607212417","19.0336","Australia"
"357","Schlumberger","SLB","56426237952","40.28","United States"
"358","Bajaj Finance","BAJFINANCE.NS","56399099586","91.1456","India"
"359","Volvo Group","VOLV-A.ST","56302754365","27.6814","Sweden"
"360","AutoZone","AZO","56223895552","3350.21","United States"
"361","Copart","CPRT","55817179136","57.93","United States"
"362","Grayscale Bitcoin Trust","GBTC","55673470976","80.41","United States"
"363","The Travelers Companies","TRV","55557787648","245.18","United States"
"364","Holcim Group","HOLN.SW","55480590524","100.952","Switzerland"
"365","Freddie Mac","FMCCT","55406534656","17.2","United States"
"366","Digital Realty","DLR","55402541056","163.86","United States"
"367","SMIC","0981.HK","55198175927","4.87651","China"
"368","The Saudi National Bank","1180.SR","54269051405","9.12852","Saudi Arabia"
"369","HCL Technologies","HCLTECH.NS","54055957536","19.9449","India"
"370","Wesfarmers","WES.AX","54043729978","47.6152","Australia"
"371","Block","SQ","53899026432","86.96","United States"
"372","SABIC","2010.SR","53650071625","17.8834","Saudi Arabia"
"373","Daiichi Sankyō","4568.T","53503446365","27.5754","Japan"
"374","Paychex","PAYX","53170503680","147.67","United States"
"375","Glencore","GLCNF","53004959744","4.36","Switzerland"
"376","NXP Semiconductors","NXPI","53004234752","208.55","Netherlands"
"377","MPLX","MPLX","52988305408","52.01","United States"
"378","Samsung Biologics","207940.KS","52879467733","742.96","South Korea"
"379","Barclays","BCS","52850204672","14.68","United Kingdom"
"380","Nongfu Spring","9633.HK","52750935168","4.69043","China"
"381","Sempra Energy","SRE","52527775744","82.93","United States"
"382","American Electric Power","AEP","52383092736","98.36","United States"
"383","CITIC Securities","600030.SS","52334132470","3.71438","China"
"384","Public Storage","PSA","52288626688","298.48","United States"
"385","Ameriprise Financial","AMP","52271230976","543.36","United States"
"386","Volkswagen","VOW3.DE","52144144782","102.313","Germany"
"387","Itaú Unibanco","ITUB","52069040128","5.8","Brazil"
"388","Manulife Financial","MFC","51922264064","29.91","Canada"
"389","W. W. Grainger","GWW","51752243200","1062.67","United States"
"390","Freeport-McMoRan","FCX","51513942016","35.85","United States"
"391","Johnson Controls","JCI","51490840576","78","Ireland"
"392","Howmet Aerospace","HWM","51424518144","126.58","United States"
"393","Dassault Systèmes","DSY.PA","51285828640","39.2076","France"
"394","Adyen","ADYEN.AS","51272445796","1628.46","Netherlands"
"395","Universal Music Group","UMG.AS","51109158104","27.9432","Netherlands"
"396","ING","ING","51079675904","16.57","Netherlands"
"397","Allstate","ALL","50929561600","192.33","United States"
"398","Lukoil","LKOH.ME","50609118235","72.85","Russia"
"399","Discover Financial Services","DFS","50536128512","201.09","United States"
"400","lululemon athletica","LULU","50442936320","414.2","Canada"
"401","Cheniere Energy","LNG","50179227648","223.65","United States"
"402","Alimentation Couche-Tard","ATD.TO","50170094507","52.9201","Canada"
"403","BMW","BMW.DE","50111843070","81.5268","Germany"
"404","East Money Information","300059.SZ","49946120743","3.16405","China"
"405","Mitsubishi Heavy Industries","7011.T","49778294758","14.8032","Japan"
"406","Axon Enterprise","AXON","49731854336","652.18","United States"
"407","Ross Stores","ROST","49674108928","150.56","United States"
"408","United Rentals","URI","49506701312","758.06","United States"
"409","Maaden","1211.SR","49344873331","12.9988","Saudi Arabia"
"410","Cencora","COR","49280135168","254.21","United States"
"411","General Motors","GM","49212796928","49.46","United States"
"412","Charter Communications","CHTR","49041612800","345.49","United States"
"413","Hong Kong Exchanges & Clearing","0388.HK","49006604789","38.7554","Hong Kong"
"414","Cummins","CMI","48871088128","356.25","United States"
"415","Phillips 66","PSX","48679014400","117.87","United States"
"416","Newmont","NEM","48634589184","42.72","United States"
"417","Datadog","DDOG","48481873920","142.71","United States"
"418","Sun Pharmaceutical","SUNPHARMA.NS","48367392566","20.1587","India"
"419","Generali","G.MI","48336687398","31.7706","Italy"
"420","Diamondback Energy","FANG","47991312384","164.36","United States"
"421","Realty Income","O","47821529088","54.64","United States"
"422","Delta Electronics (Thailand)","DELTA.BK","47563316493","3.73887","Thailand"
"423","Cloudflare","NET","47498043392","138.4","United States"
"424","Suncor Energy","SU","47458189312","37.56","Canada"
"425","Flutter Entertainment","FLUT","47426154496","266.97","Ireland"
"426","Waste Connections","WCN","47414497280","183.77","United States"
"427","Monster Beverage","MNST","47371448320","48.71","United States"
"428","Nasdaq","NDAQ","47325573120","82.34","United States"
"429","Adidas","ADS.DE","47206865213","264.392","Germany"
"430","TC Energy","TRP","46992105472","45.05","Canada"
"431","CITIC Bank","601998.SS","46948265902","0.915837","China"
"432","Siemens Energy","ENR.F","46898617952","59.3507","Germany"
"433","Agnico Eagle Mines","AEM","46849847296","92.94","Canada"
"434","Marathon Petroleum","MPC","46829592576","145.71","United States"
"435","Hoya","7741.T","46804210650","135.234","Japan"
"436","MSCI","MSCI","46769639424","596.77","United States"
"437","3i Group","III.L","46712665589","48.3863","United Kingdom"
"438","DSV","DSV.VI","46705560867","199.668","Denmark"
"439","Dominion Energy","D","46696157184","55.59","United States"
"440","Compagnie de Saint-Gobain","SGO.PA","46694595432","93.9529","France"
"441","Roblox","RBLX","46637838336","71.07","United States"
"442","Lloyds Banking Group","LYG","46483525632","3.05","United Kingdom"
"443","UOB","U11.SI","46152480212","27.6012","Singapore"
"444","Lonza","LONN.SW","46085952429","639.048","Switzerland"
"445","American International Group","AIG","45946826752","73.66","United States"
"446","Robinhood","HOOD","45922553856","51.95","United States"
"447","Japan Tobacco","2914.T","45802130417","25.6154","Japan"
"448","FICO","FICO","45795053568","1873.56","United States"
"449","Walmex","WMMVF","45709303808","2.62","Mexico"
"450","Baker Hughes","BKR","45696311296","46.18","United States"
"451","Trip.com","TCOM","45688315904","70.17","China"
"452","Crédit Agricole","ACA.PA","45634729410","15.0866","France"
"453","D. R. Horton","DHI","45525630976","141.9","United States"
"454","BAE Systems","BA.L","45508761212","15.1703","United Kingdom"
"455","Quanta Services","PWR","45406924800","307.61","United States"
"456","Deutsche Börse","DB1.DE","45405793557","247.277","Germany"
"457","Experian","EXPGF","45336481792","49.54","Ireland"
"458","Reckitt Benckiser","RKT.L","45263383987","66.0602","United Kingdom"
"459","Alcon","ALC","45252325376","91.09","Switzerland"
"460","Danone","BN.PA","45086313204","69.9927","France"
"461","Corteva","CTVA","44859613184","65.27","United States"
"462","Maruti Suzuki India","MARUTI.NS","44740038570","142.302","India"
"463","Infineon","IFX.DE","44672519913","33.2486","Germany"
"464","Kroger","KR","44603072512","61.64","United States"
"465","Corning","GLW","44539285504","52.08","United States"
"466","Swiss Re","SREN.SW","44450556753","153.064","Switzerland"
"467","CBRE Group","CBRE","44293046272","144.74","United States"
"468","TE Connectivity","TEL","44147294208","147.97","Switzerland"
"469","Vertiv Holdings","VRT","43921817600","117.02","United States"
"470","Fidelity National Information Services","FIS","43859701760","81.47","United States"
"471","Honda","HMC","43824975872","28.34","Japan"
"472","Occidental Petroleum","OXY","43773702144","46.65","United States"
"473","Kotak Mahindra Bank","KOTAKBANK.NS","43695107902","21.9776","India"
"474","Keurig Dr Pepper","KDP","43542044672","32.1","United States"
"475","Delta Air Lines","DAL","43408052224","67.27","United States"
"476","NatWest Group","NWG","43348643840","10.78","United Kingdom"
"477","Goodman Group","GMG.AX","43312313350","22.6576","Australia"
"478","Agilent Technologies","A","43273355264","151.52","United States"
"479","ENI","E","43195613184","28.15","Italy"
"480","CaixaBank","CABK.MC","43157645688","6.07406","Spain"
"481","BASF","BAS.DE","43149518266","48.3456","Germany"
"482","Kimberly-Clark","KMB","43124047872","129.97","United States"
"483","Shanghai Pudong Development Bank","600000.SS","43116178873","1.46893","China"
"484","DHL Group (Deutsche Post)","DHL.DE","43054856948","36.1062","Germany"
"485","First Abu Dhabi Bank","FAB.AE","43018424311","3.89","United Arab Emirates"
"486","Prudential Financial","PRU","42982227968","120.76","United States"
"487","Targa Resources","TRGP","42914799616","196.8","United States"
"488","Hess","HES","42837647360","139.03","United States"
"489","Haleon","HLN","42818416640","9.47","United Kingdom"
"490","America Movil","AMX","42761322496","14.01","Mexico"
"491","Edwards Lifesciences","EW","42731008000","72.45","United States"
"492","Ametek","AME","42690203648","184.56","United States"
"493","Wolters Kluwer","WKL.AS","42675842058","182.294","Netherlands"
"494","Takeda Pharmaceutical","TAK","42451124224","13.39","Japan"
"495","QNB (Qatar National Bank)","QNBK.QA","42375928686","4.58791","Qatar"
"496","Coupang","CPNG","42291200000","23.51","United States"
"497","Valero Energy","VLO","42105802752","133","United States"
"498","Fastenal","FAST","41989955584","73.24","United States"
"499","Gartner","IT","41870815232","542.83","United States"
"500","Bayan Resources","BYAN.JK","41784298967","1.25353","Indonesia"
"501","Advantest","6857.T","41690508169","55.8278","Japan"
"502","PSEG","PEG","41621716992","83.54","United States"
"503","Nordea Bank","NDA-FI.HE","41491604804","11.9075","Finland"
"504","Garmin","GRMN","41448595456","215.85","Switzerland"
"505","Mahindra &amp; Mahindra","M&M.NS","41444077296","34.5603","India"
"506","7-Eleven","3382.T","41313995829","15.9218","Japan"
"507","Sika","SIKA.SW","41097312898","256.168","Switzerland"
"508","Cognizant Technology Solutions","CTSH","40960020480","82.61","United States"
"509","Kenvue","KVUE","40818466816","21.29","United States"
"510","Denso","6902.T","40621958136","13.9102","Japan"
"511","Verisk Analytics","VRSK","40589692928","287.44","United States"
"512","Kuwait Finance House","KFH.KW","40587665634","2547.81","Kuwait"
"513","Singtel","Z74.SI","40433647423","2.45033","Singapore"
"514","Givaudan","GIVN.SW","40390739069","4377.81","Switzerland"
"515","GE HealthCare Technologies","GEHC","40341884928","88.3","United States"
"516","HubSpot","HUBS","40242147328","779.53","United States"
"517","L3Harris Technologies","LHX","40211513344","212.01","United States"
"518","Exelon Corporation","EXC","40193200128","40","United States"
"519","Luxshare Precision","002475.SZ","40121370242","5.5433","China"
"520","Ford","F","40060841984","10.08","United States"
"521","ENGIE","ENGI.PA","40044855629","16.5076","France"
"522","Partners Group","PGHN.SW","39932984432","1529.54","Switzerland"
"523","Argenx","ARGX","39806353408","655.13","Netherlands"
"524","Vale","VALE","39656411136","9.29","Brazil"
"525","Old Dominion Freight Line","ODFL","39627362304","185.61","United States"
"526","WEG ON","WEGE3.SA","39558461418","9.42869","Brazil"
"527","The People's Insurance Company (PICC)","601319.SS","39453274011","0.987559","China"
"528","Heineken","HEIA.AS","39349024209","69.5986","Netherlands"
"529","Jiangsu Hengrui Medicine","600276.SS","39284756225","6.15845","China"
"530","Deutsche Bank","DB","39160385536","19.53","Germany"
"531","Oriental Land","4661.T","39053816436","22.5722","Japan"
"532","Bank Rakyat Indonesia","BBRI.JK","39016740975","0.258991","Indonesia"
"533","Mindray","300760.SZ","38863900163","32.0543","China"
"534","Blue Owl Capital","OWL","38846455808","26.01","United States"
"535","EQT","EQT.ST","38807274914","32.875","Sweden"
"536","Crown Castle","CCI","38800912384","89.28","United States"
"537","Emirates Telecom (Etisalat Group)","EAND.AE","38742755539","4.45","United Arab Emirates"
"538","China Pacific Insurance","601601.SS","38714739822","4.46195","China"
"539","Fubon Financial","2881.TW","38678040403","2.81998","Taiwan"
"540","Xcel Energy","XEL","38589059072","67.2","United States"
"541","Wipro","WIT","38384529408","3.67","India"
"542","Grupo México","GMBXF","38355288064","4.88","Mexico"
"543","UltraTech Cement","ULTRACEMCO.NS","38289240644","132.786","India"
"544","Oil &amp; Natural Gas","ONGC.NS","38188347736","3.03557","India"
"545","Otis Worldwide","OTIS","38116569088","95.42","United States"
"546","Loblaw Companies","L.TO","37971744461","125.477","Canada"
"547","Veeva Systems","VEEV","37869760512","233.26","United States"
"548","Ingersoll Rand","IR","37802528768","93.8","Ireland"
"549","Chandra Asri Petrochemical","TPIA.JK","37696800148","0.435743","Indonesia"
"550","Stellantis","STLA","37677715456","13.13","Netherlands"
"551","Japan Post Bank","7182.T","37633190097","10.3835","Japan"
"552","Carnival Corporation","CCL","37406797824","27.67","United States"
"553","UCB","UCB.VI","37220965062","195.623","Belgium"
"554","Hikvision","002415.SZ","36969986867","4.00403","China"
"555","Fortescue","FMG.AX","36613045431","11.8914","Australia"
"556","IQVIA","IQV","36546838528","201.36","United States"
"557","Yum! Brands","YUM","36418895872","130.5","United States"
"558","Ferguson","FERG","36348248064","181.12","United Kingdom"
"559","NTPC Limited","NTPC.NS","36327092350","3.74519","India"
"560","Hyundai","HYMTF","36323774464","55.22","South Korea"
"561","Coca-Cola European Partners","CCEP","36207390720","78.55","United Kingdom"
"562","Vulcan Materials","VMC","36204523520","274.15","United States"
"563","Kraft Heinz","KHC","36081635328","29.84","United States"
"564","Emirates NBD Bank PJSC","EMIRATESNBD.AE","35860454348","5.67718","United Arab Emirates"
"565","Titan Company","TITAN.NS","35787456495","40.3446","India"
"566","Anglo American","AAL.L","35768572307","29.504","United Kingdom"
"567","Wabtec","WAB","35739369472","207.92","United States"
"568","Sysco","SYY","35674652672","72.92","United States"
"569","Humana","HUM","35308118016","293.23","United States"
"570","Axis Bank","AXISBANK.BO","35298709500","11.402","India"
"571","Imperial Oil","IMO","35080962048","66.64","Canada"
"572","Fujitsu","6702.T","35040648184","19.4582","Japan"
"573","Reddit","RDDT","35036590080","199.55","United States"
"574","Arch Capital","ACGL","35016843264","93.07","Bermuda"
"575","Alnylam Pharmaceuticals","ALNY","34993836032","271.31","United States"
"576","Haier Smart Home","600690.SS","34900758308","3.83024","China"
"577","Dubai Electricity and Water Authority (DEWA)","DEWA.AE","34852690685","0.697054","United Arab Emirates"
"578","United Airlines Holdings","UAL","34808233984","105.84","United States"
"579","Entergy","ETR","34768400384","81.08","United States"
"580","Gree Electric Appliances","000651.SZ","34681428926","6.19155","China"
"581","Daikin","6367.T","34677988226","118.438","Japan"
"582","Daimler Truck","DTG.F","34672682485","43.8959","Germany"
"583","ResMed","RMD","34670276608","236.18","United States"
"584","Lennar","LEN","34666786816","131.24","United States"
"585","Naspers","NPSNY","34622353408","41.8","South Africa"
"586","IDEXX Laboratories","IDXX","34559438848","422.05","United States"
"587","Delta Electronics","2308.TW","34533356529","13.2946","Taiwan"
"588","Bank Mandiri","BMRI.JK","34511668240","0.369768","Indonesia"
"589","Raymond James","RJF","34471006208","168.48","United States"
"590","Mitsubishi Electric","6503.T","34407751847","16.5794","Japan"
"591","Pacific Gas and Electric","PCG","34328428544","15.65","United States"
"592","Bank of China (Hong Kong)","2388.HK","34259169267","3.24031","Hong Kong"
"593","Assa Abloy","ASSA-B.ST","34113132235","30.711","Sweden"
"594","Equifax","EFX","34059530240","274.78","United States"
"595","Extra Space Storage","EXR","33966393344","154","United States"
"596","Rheinmetall","RHM.F","33937794403","781.662","Germany"
"597","DexCom","DXCM","33915365376","86.83","United States"
"598","Gazprom","GAZP.ME","33701509412","1.41","Russia"
"599","Banco Santander Brasil","BSBR","33646721024","4.51","Brazil"
"600","Henkel","HEN3.DE","33626500952","87.3561","Germany"
"601","Alpha Dhabi","ALPHADHABI.AE","33438623244","3.34","United Arab Emirates"
"602","M&T Bank","MTB","33389940736","201.24","United States"
"603","Live Nation","LYV","33363062784","144.68","United States"
"604","Sun Life Financial","SLF","33273849856","57.65","Canada"
"605","Martin Marietta","MLM","33255579648","544.12","United States"
"606","Thales","HO.PA","33242774451","161.913","France"
"607","Las Vegas Sands","LVS","33227941888","45.83","United States"
"608","Willis Towers Watson","WTW","33195433984","329.565","United Kingdom"
"609","General Mills","GIS","33151031296","60.14","United States"
"610","Novatek","NVTK.ME","33046761007","10.88","Russia"
"611","CITIC limited","0267.HK","32702257614","1.12416","China"
"612","Constellation Brands","STZ","32680685568","180.8","United States"
"613","Standard Chartered","STAN.L","32649560498","13.5343","United Kingdom"
"614","Ahold Delhaize","AD.AS","32614951246","35.432","Netherlands"
"615","Take 2 Interactive","TTWO","32580564992","185.51","United States"
"616","Emaar Properties","EMAAR.AE","32490242440","3.67587","United Arab Emirates"
"617","Consolidated Edison","ED","32476971008","93.74","United States"
"618","Powergrid Corporation of India","POWERGRID.NS","32435348996","3.48684","India"
"619","Aena","AENA.MC","32424020546","216.16","Spain"
"620","The Hartford","HIG","32337342464","111.55","United States"
"621","Centene","CNC","32326504448","64.03","United States"
"622","eBay","EBAY","32322922496","67.48","United States"
"623","Invest Bank","INVESTB.AE","32249058372","0.12","United Arab Emirates"
"624","Electronic Arts","EA","32235974656","122.91","United States"
"625","Kering","KER.PA","32230553478","262.888","France"
"626","China State Construction Engineering","601668.SS","32143533722","0.77791","China"
"627","Dupont De Nemours","DD","32098945024","76.8","United States"
"628","Disco Corp.","6146.T","32056619296","288.455","Japan"
"629","MS&amp;AD Insurance","8725.T","32054080707","20.9475","Japan"
"630","Amadeus IT Group","AMS.MC","32051775675","73.6438","Spain"
"631","Bajaj Finserv","BAJAJFINSV.NS","32004796629","20.068","India"
"632","Hannover Rück","HNR1.DE","31945101662","263.769","Germany"
"633","Japan Post Holdings","6178.T","31789932210","10.4834","Japan"
"634","Intact Financial","IFC.TO","31748371929","177.998","Canada"
"635","Exor","EXO.AS","31646279747","95.1665","Netherlands"
"636","Quanta Computer","2382.TW","31566584039","8.1895","Taiwan"
"637","DNB","DNB.OL","31543431828","21.2746","Norway"
"638","AvalonBay Communities","AVB","31506915328","221.51","United States"
"639","Rockwell Automation","ROK","31471777792","278.43","United States"
"640","Foshan Haitian Flavouring and Food","603288.SS","31437615223","5.65364","China"
"641","CoStar Group","CSGP","31402936320","76.6","United States"
"642","WEC Energy Group","WEC","31401297920","99.26","United States"
"643","VICI Properties","VICI","31382640640","29.77","United States"
"644","Hexagon AB","HEXA-B.ST","31368798570","11.6857","Sweden"
"645","Monolithic Power Systems","MPWR","31090909184","637.37","United States"
"646","Zscaler","ZS","31085207552","202.59","United States"
"647","Ferrovial","FER.MC","30951019753","42.9416","Spain"
"648","E.ON","EOAN.DE","30935750565","11.8452","Germany"
"649","Tesco","TSCO.L","30899465252","4.61306","United Kingdom"
"650","Keysight","KEYS","30837966848","178.35","United States"
"651","Maybank","MLYBY","30770747392","5.1","Malaysia"
"652","Fairfax Financial","FFH.TO","30740379739","1348.87","Canada"
"653","Ping An Bank","000001.SZ","30700624477","1.58203","China"
"654","Schindler Group","SCHN.SW","30671645225","282.191","Switzerland"
"655","Ansys","ANSS","30651224064","350.5","United States"
"656","Canon","7751.T","30540882057","32.3529","Japan"
"657","Adani Enterprises","ADANIENT.NS","30523304745","26.4452","India"
"658","EQT Corporation","EQT","30502488064","51.12","United States"
"659","HP","HPQ","30478436352","32.5","United States"
"660","Tata Motors","TATAMOTORS.NS","30470691711","8.27756","India"
"661","Hindustan Aeronautics","HAL.NS","30433508359","45.5064","India"
"662","National Bank of Canada","NA.TO","30289483654","88.9402","Canada"
"663","KBC","KBCSF","30250911744","75.44","Belgium"
"664","The Hershey Company","HSY","30201485312","149.25","United States"
"665","Great-West Lifeco","GWO.TO","30200480452","32.4002","Canada"
"666","Baidu","BIDU","30182301696","90.6","China"
"667","Nucor","NUE","30157031424","128.43","United States"
"668","Xylem","XYL","30134896640","124.04","United States"
"669","Chunghwa Telecom","CHT","30129936384","38.84","Taiwan"
"670","Beiersdorf","BEI.DE","30109644593","133.752","Germany"
"671","Capgemini","CAP.PA","30040164265","182.502","France"
"672","Murata Manufacturing (Murata Seisakusho)","6981.T","29976412701","15.9218","Japan"
"673","Estee Lauder","EL","29949534208","83.43","United States"
"674","Brown &amp; Brown","BRO","29928366080","104.66","United States"
"675","First Citizens BancShares","FCNCA","29875091456","2204.69","United States"
"676","Cardinal Health","CAH","29872300032","123.66","United States"
"677","GoDaddy","GDDY","29854146560","212.65","United States"
"678","Iron Mountain","IRM","29806731264","101.57","United States"
"679","Texas Pacific Land Trust","TPL","29802352640","1297.17","United States"
"680","Cathay Financial Holding","2882.TW","29777033877","2.0299","Taiwan"
"681","Cheniere Energy
Partners","CQP","29701124096","61.36","United States"
"682","China Everbright Bank","601818.SS","29687899748","0.533778","China"
"683","Fifth Third Bank","FITB","29681231872","44.31","United States"
"684","Wanhua Chemical","600309.SS","29677396199","9.45215","China"
"685","BioNTech","BNTX","29672617984","123.77","Germany"
"686","Anta Sports","2020.HK","29548443898","10.5936","China"
"687","COSCO Shipping","601919.SS","29506989221","1.96822","China"
"688","Aristocrat","ALL.AX","29468883365","46.9749","Australia"
"689","State Street Corporation","STT","29344403456","101.62","United States"
"690","Ambev","ABEV","29289015296","1.85","Brazil"
"691","Swisscom","SCMN.SW","29207642186","563.833","Switzerland"
"692","Microchip Technology","MCHP","29159641088","54.3","United States"
"693","Jardine Matheson","J36.SI","29092350000","40.35","Hong Kong"
"694","HEICO","HEI","29058689024","238.94","United States"
"695","Tractor Supply","TSCO","29038841856","54.36","United States"
"696","Woodside Energy","WDS","28955936768","15.25","Australia"
"697","Carvana","CVNA","28942043136","247.48","United States"
"698","Terumo","4543.T","28917861532","18.894","Japan"
"699","Samsara","IOT","28901697536","51.5","United States"
"700","Galderma Group","GALD.SW","28876348002","121.551","Switzerland"
"701","ASM International","ASM.AS","28871361892","588.113","Netherlands"
"702","Mettler-Toledo","MTD","28793366528","1364.44","United States"
"703","Barrick Gold","GOLD","28768311296","16.37","Canada"
"704","Pernod Ricard","RI.PA","28765388885","114.303","France"
"705","Global Payments","GPN","28719761408","112.85","United States"
"706","Ashtead","AHT.L","28631580150","65.7627","United Kingdom"
"707","Skandinaviska Enskilda Banken","SEB-A.ST","28609517580","14.1563","Sweden"
"708","Orange","ORA.PA","28609000792","10.7613","France"
"709","Bajaj Auto","BAJAJ-AUTO.NS","28588667464","102.274","India"
"710","Wheaton Precious Metals","WPM","28502812672","62.47","Canada"
"711","Telstra","TLS.AX","28370130913","2.45535","Australia"
"712","Fortive","FTV","28217362432","81.33","United States"
"713","Coal India","COALINDIA.NS","28202479978","4.5763","India"
"714","Komatsu","6301.T","28178805854","30.5347","Japan"
"715","Otsuka Holdings","4578.T","28173644168","52.4558","Japan"
"716","Kellogg's","K","28172167168","81.73","United States"
"717","Imperial Brands","IMB.L","28098392980","33.7242","United Kingdom"
"718","Muyuan Foods","002714.SZ","28036422287","5.13227","China"
"719","Fanuc","6954.T","28033720913","30.0383","Japan"
"720","CRRC","1766.HK","27972518928","0.635229","China"
"721","Dover","DOV","27943266304","203.68","United States"
"722","Restaurant Brands International","QSR","27889498112","61.54","Canada"
"723","Hewlett Packard Enterprise","HPE","27871844352","21.19","United States"
"724","Broadridge Financial Solutions","BR","27845298176","238.22","United States"
"725","China Unicom","0762.HK","27839709553","0.909854","Hong Kong"
"726","Kia","000270.KS","27752952098","70.1036","South Korea"
"727","Tradeweb","TW","27694149632","126.9","United States"
"728","Seres Group","601127.SS","27652156902","18.3154","China"
"729","Equity Residential","EQR","27622897664","70.63","United States"
"730","Smurfit Westrock","SW","27615082496","53.09","Ireland"
"731","DSM-Firmenich","DSFIR.AS","27584010887","102.5","Switzerland"
"732","DMart","DMART.NS","27565378349","42.3605","India"
"733","Dow","DOW","27476086784","39.05","United States"
"734","LPL Financial","LPLA","27472578560","366.89","United States"
"735","Adani Ports & SEZ","ADANIPORTS.NS","27450264801","12.7076","India"
"736","SAIC Motor","600104.SS","27396781454","2.36683","China"
"737","NTT Data","9613.T","27381531635","19.5291","Japan"
"738","QNB Finansbank","QNBFB.IS","27309374259","8.15205","Turkey"
"739","Dr. Sulaiman Al Habib Medical Services Group Company","4013.SR","27297477953","77.9928","Saudi Arabia"
"740","Banco do Brasil","BBAS3.SA","27065753337","4.74176","Brazil"
"741","Kühne + Nagel","KNIN.SW","26969787349","227.949","Switzerland"
"742","Deckers Brands","DECK","26944886784","177.36","United States"
"743","BTG Pactual","BPAC3.SA","26933280803","2.68094","Brazil"
"744","Legrand","LR.PA","26884672312","102.562","France"
"745","Sompo Holdings","8630.T","26854747316","28.059","Japan"
"746","KONE","KNEBV.HE","26839954494","51.8618","Finland"
"747","S.F. Express","002352.SZ","26830640607","5.42192","China"
"748","Publicis Groupe","PUB.PA","26801705051","106.784","France"
"749","Synchrony","SYF","26784935936","68.98","United States"
"750","PPG Industries","PPG","26768158720","115.38","United States"
"751","Fujifilm","4901.T","26759818950","22.2112","Japan"
"752","PTT PCL","PTT-R.BK","26698352425","0.934718","Thailand"
"753","NEC Corp","6701.T","26679833106","100.095","Japan"
"754","JSW Steel","JSWSTEEL.NS","26668002348","10.9235","India"
"755","Zoom","ZM","26646677504","86.94","United States"
"756","Novozymes","NZYM.VI","26608917747","57.4214","Denmark"
"757","Dollarama","DOL.TO","26602758866","94.8287","Canada"
"758","CGI","GIB","26597629952","117.82","Canada"
"759","Cenovus Energy","CVE","26581968896","14.47","Canada"
"760","Verbund AG","OEWA.F","26579541342","75.7183","Austria"
"761","Celltrion","068270.KS","26577627964","123.506","South Korea"
"762","CDW Corporation","CDW","26538192896","199.14","United States"
"763","Corpay","CPAY","26524338176","380.49","United States"
"764","Chocoladefabriken Lindt &amp; Sprüngli","LISP.SW","26348978424","11529.2","Switzerland"
"765","Franco-Nevada","FNV","26325936128","135.96","Canada"
"766","Sumitomo","8053.T","26243199129","21.689","Japan"
"767","Williams-Sonoma","WSM","26019645440","211.37","United States"
"768","National Bank of Kuwait","NBK.KW","26018439261","3124.8","Kuwait"
"769","Sandvik","SAND.ST","26014128295","20.7385","Sweden"
"770","Coloplast","COLO-B.CO","25997314784","115.372","Denmark"
"771","T. Rowe Price","TROW","25974831104","116.92","United States"
"772","Sun Hung Kai Properties","0016.HK","25958478188","8.95738","Hong Kong"
"773","Church & Dwight","CHD","25852188672","105.52","United States"
"774","Société Générale","GLE.PA","25817407489","32.4136","France"
"775","Transurban","TCL.AX","25816588479","8.31712","Australia"
"776","Nestlé India","NESTLEIND.NS","25780395651","26.7388","India"
"777","Toyota Industries","6201.T","25766745470","83.977","Japan"
"778","Tyler Technologies","TYL","25749350400","601.64","United States"
"779","WiseTech Global","WTC.AX","25741256788","76.9613","Australia"
"780","Philips","PHG","25701416960","27.58","Netherlands"
"781","HeidelbergCement","HEI.DE","25635645099","141.531","Germany"
"782","Nutrien","NTR","25612300288","51.63","Canada"
"783","Veralto","VLTO","25569173504","103.39","United States"
"784","Asian Paints","ASIANPAINT.NS","25509436860","26.5955","India"
"785","Hapag-Lloyd","HLAG.DE","25376818770","144.383","Germany"
"786","Ventas","VTR","25346854912","60.42","United States"
"787","China Tower","0788.HK","25297398004","0.143729","China"
"788","Dai-ichi Life Holdings","8750.T","25281442241","27.4722","Japan"
"789","Brookfield Asset Management","BAM","25254961152","59.83","Canada"
"790","Vonovia","VNA.DE","25254869196","30.6918","Germany"
"791","Advanced Info Service (AIS)","ADVANC.BK","25241026297","8.4273","Thailand"
"792","Mitsui Fudosan","8801.T","25207277236","9.08757","Japan"
"793","Nokia","NOK","25173592064","4.6","Finland"
"794","Ameren","AEE","25144616960","94.2","United States"
"795","Bank of Jiangsu","600919.SS","25134260925","1.36962","China"
"796","Warner Bros. Discovery","WBD","25129080000","10.44","United States"
"797","Bridgestone","5108.T","25117525767","36.0344","Japan"
"798","Ryanair","RYAAY","25114877952","46.69","Ireland"
"799","Great Wall Motors","601633.SS","25058616389","3.43163","China"
"800","Rocket Companies","RKT","25039980544","12.6","United States"
"801","Huntington Bancshares","HBAN","25002608640","17.2","United States"
"802","Siemens India","SIEMENS.NS","25000837635","70.2032","India"
"803","Danske Bank","DANS.VI","24950180073","29.9554","Denmark"
"804","NVR","NVR","24919658496","8016.18","United States"
"805","TPG Capital","TPG","24890771456","67.25","United States"
"806","Elm Company","7203.SR","24876551448","310.957","Saudi Arabia"
"807","Michelin","ML.PA","24859399780","34.8512","France"
"808","Ericsson","ERIC","24829124608","7.49","Sweden"
"809","DTE Energy","DTE","24827267072","119.88","United States"
"810","NetApp","NTAP","24823662592","122.1","United States"
"811","ZTE","000063.SZ","24801033117","5.51433","China"
"812","PPL","PPL","24795791360","33.6","United States"
"813","Marubeni","8002.T","24786138457","14.945","Japan"
"814","West Pharmaceutical","WST","24735868928","341.55","United States"
"815","Bharat Electronics","BEL.NS","24727572876","3.38281","India"
"816","Waters Corporation","WAT","24669624320","415.48","United States"
"817","Techtronic Industries","0669.HK","24595387570","13.4232","Hong Kong"
"818","LyondellBasell","LYB","24584103936","75.7","United States"
"819","Archer Daniels Midland (ADM)","ADM","24515297280","51.23","United States"
"820","Swedbank","SWED-A.ST","24504284452","21.7754","Sweden"
"821","FirstRand","FSR.JO","24493642500","4.37096","South Africa"
"822","Li Auto","LI","24468748288","23.42","China"
"823","Yili Group","600887.SS","24435600903","3.83851","China"
"824","Ubiquiti","UI","24402266112","403.54","United States"
"825","SMC corp","6273.T","24348862227","379.621","Japan"
"826","Renesas Electronics","6723.T","24341106178","13.5878","Japan"
"827","American Water Works","AWK","24291588096","124.64","United States"
"828","ORIX","IX","24255428608","106.72","Japan"
"829","Erste Group Bank","EBO.F","24249363012","62.0268","Austria"
"830","China Minsheng Bank","600016.SS","24216499760","0.572398","China"
"831","Panasonic","6752.T","24038091237","10.2965","Japan"
"832","Bank of Ningbo","002142.SZ","24027295768","3.63852","China"
"833","TDK","6762.T","23996059162","12.1759","Japan"
"834","Check Point Software","CHKP","23978493952","218.02","Israel"
"835","Rollins","ROL","23973097472","49.5","United States"
"836","ADNOC Drilling Company","ADNOCDRILL.AE","23918963076","1.49","United Arab Emirates"
"837","Airports of Thailand","AOT.BK","23844882010","1.63947","Thailand"
"838","Teledyne","TDY","23829153792","511.33","United States"
"839","Polyus","PLZL.ME","23731589346","174.26","Russia"
"840","Cellnex Telecom","CLNX.MC","23703525659","33.5961","Spain"
"841","Trent Limited","TRENT.NS","23649361730","66.5025","India"
"842","Naturgy","NTGY.MC","23597325356","24.5618","Spain"
"843","Formula One Group","FWONK","23595216896","95.7","United States"
"844","ASE Group","ASX","23546779648","10.15","Taiwan"
"845","Hang Seng Bank","0011.HK","23539062513","12.5057","Hong Kong"
"846","Markel","MKL","23522318336","1828.78","United States"
"847","ČEZ Group","CEZ.PR","23517347212","43.8094","Czech Republic"
"848","Expand Energy","EXE","23479453696","101.6","United States"
"849","Endesa","ELE.MC","23462891501","22.1657","Spain"
"850","Luzhou Laojiao","000568.SZ","23459191155","15.9375","China"
"851","Riyad Bank","1010.SR","23422794241","7.82063","Saudi Arabia"
"852","KB Financial Group","KB","23394390016","62.47","South Korea"
"853","Natera","NTRA","23357155328","176.92","United States"
"854","PulteGroup","PHM","23334230016","113.78","United States"
"855","CTBC Financial Holding","2891.TW","23312308362","1.18816","Taiwan"
"856","PTC","PTC","23286478848","193.48","United States"
"857","Suzuki Motor","7269.T","23248082927","12.0501","Japan"
"858","Toast","TOST","23242559488","40.92","United States"
"859","Kuaishou Technology","1024.HK","23241371537","5.40266","China"
"860","Woolworths Group","WOW.AX","23129818408","18.9342","Australia"
"861","Zomato","ZOMATO.NS","23089158521","2.54707","India"
"862","Telefónica","TEF","23085770752","4.04","Spain"
"863","RWE","RWE.DE","23053593146","30.9926","Germany"
"864","Commerzbank","CBK.F","23027398884","19.4378","Germany"
"865","Maersk","MAERSK-B.CO","23004266690","1479.68","Denmark"
"866","BOE Technology","000725.SZ","22983254734","0.615155","China"
"867","FirstEnergy","FE","22937415680","39.8","United States"
"868","GlobalFoundries","GFS","22918602752","41.47","United States"
"869","Adani Power","ADANIPOWER.NS","22889131724","5.93219","India"
"870","Darden Restaurants","DRI","22871781376","195.24","United States"
"871","Halliburton","HAL","22858622976","26.02","United States"
"872","Straumann","STMN.SW","22820591025","143.127","Switzerland"
"873","Industries Qatar","IQCD.QA","22820465653","3.77198","Qatar"
"874","Indian Railway Finance","IRFC.NS","22819749668","1.74475","India"
"875","Fox Corporation","FOX","22786205696","48.6","United States"
"876","Swiss Life","SLHN.SW","22764172249","820.221","Switzerland"
"877","Hubbell","HUBB","22703159296","423.01","United States"
"878","DiDi","DIDIY","22564651008","4.66","China"
"879","Naver","035420.KS","22525826034","148.798","South Korea"
"880","Western Digital","WDC","22515961856","65.13","United States"
"881","Twilio","TWLO","22483027968","146.58","United States"
"882","Devon Energy","DVN","22400288768","34.1","United States"
"883","Regions Financial","RF","22394408960","24.64","United States"
"884","Shenzhen Inovance","300124.SZ","22350628319","8.30184","China"
"885","W. R. Berkley","WRB","22290688000","58.83","United States"
"886","ON Semiconductor","ON","22286215168","52.34","United States"
"887","Pinterest","PINS","22275223552","32.96","United States"
"888","International Flavors & Fragrances","IFF","22267344896","87.09","United States"
"889","Weyerhaeuser","WY","22247942144","30.62","United States"
"890","Epiroc","EPI-A.ST","22233351698","19.1245","Sweden"
"891","Sampo","SAMPO.HE","22208800050","41.2613","Finland"
"892","SSE","SSE.L","22174199395","20.2209","United Kingdom"
"893","STMicroelectronics","STM","22173640704","22.45","Switzerland"
"894","WSP Global","WSP.TO","22165580396","170.054","Canada"
"895","WuXi AppTec","2359.HK","22154351422","7.08377","China"
"896","Atmos Energy","ATO","22149187584","142.51","United States"
"897","Pure Storage","PSTG","22115606528","67.79","United States"
"898","Svenska Handelsbanken","SHB-A.ST","22061482570","11.0725","Sweden"
"899","Bayer","BAYN.DE","22051296720","22.4458","Germany"
"900","Northern Trust","NTRS","22005471232","112.29","United States"
"901","Talanx","TLX.DE","21990041531","85.1571","Germany"
"902","Hindustan Zinc","HINDZINC.NS","21985963531","5.20338","India"
"903","Expedia Group","EXPE","21940748288","170.95","United States"
"904","MongoDB","MDB","21902116864","273.32","United States"
"905","Prudential","PUK","21901875200","16.63","United Kingdom"
"906","Klabin","KLBN11.SA","21896752196","3.84411","Brazil"
"907","Viking Holdings","VIK","21852110848","50.63","Bermuda"
"908","BCE","BCE","21823901696","23.79","Canada"
"909","Zimmer Biomet","ZBH","21794621440","109.48","United States"
"910","Steris","STE","21779765248","220.65","Ireland"
"911","Nippon Steel","5401.T","21759556931","20.8186","Japan"
"912","Telus","TU","21732390912","14.49","Canada"
"913","Vodafone","VOD","21684682752","8.54","United Kingdom"
"914","Cameco","CCJ","21632272384","49.44","Canada"
"915","Fresenius","FRE.DE","21598249211","38.3466","Germany"
"916","China Resources Land","1109.HK","21550784261","3.02215","Hong Kong"
"917","Abu Dhabi Commercial Bank (ADCB)","ADCB.AE","21526910932","2.94","United Arab Emirates"
"918","H&amp;M","HM-B.ST","21440459464","13.3628","Sweden"
"919","Tenaga Nasional","TNABY","21435291648","14.75","Malaysia"
"920","Cincinnati Financial","CINF","21422972928","137.05","United States"
"921","Cboe","CBOE","21390489600","204.33","United States"
"922","Fortis","FTS","21389912064","42.62","Canada"
"923","DLF","DLF.NS","21325011347","8.6122","India"
"924","China Securities","601066.SS","21323126760","3.28267","China"
"925","SBA Communications","SBAC","21242243072","197.56","United States"
"926","InterContinental Hotels Group","IHG","21239283712","134.72","United Kingdom"
"927","CenterPoint Energy","CNP","21226747904","32.57","United States"
"928","Eversource Energy","ES","21134065664","57.68","United States"
"929","Lennox","LII","21087899648","592.42","United States"
"930","Antofagasta","ANTO.L","21077331218","21.3797","United Kingdom"
"931","Erie Indemnity","ERIE","21070215168","402.95","United States"
"932","Pembina Pipeline","PBA","21057220608","36.11","Canada"
"933","Illumina","ILMN","21052565504","132.74","United States"
"934","Sandoz Group","SDZ.SW","21032424574","47.9176","Switzerland"
"935","Z Holdings","4689.T","21014318722","2.93291","Japan"
"936","CLP Group","0002.HK","20993067305","8.30931","Hong Kong"
"937","Teck Resources","TECK","20989345792","40.88","Canada"
"938","Varun Beverages","VBL.NS","20980284314","6.20441","India"
"939","Indian Oil","IOC.NS","20973436105","1.48524","India"
"940","Biogen","BIIB","20973336576","143.93","United States"
"941","Citizens Financial Group","CFG","20956631040","47.57","United States"
"942","Kongsberg Gruppen","KOG.OL","20918627866","118.919","Norway"
"943","Edison International","EIX","20906100736","54","United States"
"944","LabCorp","LH","20893095936","249.8","United States"
"945","Sonova","SOON.SW","20888178793","350.488","Switzerland"
"946","Veolia","VIE.PA","20860416903","28.5759","France"
"947","China Merchants Securities","600999.SS","20823137030","2.4951","China"
"948","Aeon","8267.T","20796949902","24.2743","Japan"
"949","NRG Energy","NRG","20750862336","102.44","United States"
"950","McCormick & Company","MKC","20692699136","77.23","United States"
"951","VeriSign","VRSN","20661499904","215","United States"
"952","Standard Bank Group","SBK.JO","20648854600","12.4948","South Africa"
"953","Sungrow Power Supply","300274.SZ","20617147246","9.94455","China"
"954","Emcor","EME","20611700736","448.06","United States"
"955","Prada","1913.HK","20572461531","8.03982","Italy"
"956","PKO Bank Polski","PKO.WA","20563232189","16.4506","Poland"
"957","REA Group","REA.AX","20509082916","155.234","Australia"
"958","DraftKings","DKNG","20455995392","41.95","United States"
"959","Coterra Energy","CTRA","20414255104","27.72","United States"
"960","Seagate Technology","STX","20400087040","96.36","Ireland"
"961","Guotai Junan Securities","601211.SS","20390991008","2.44545","China"
"962","Borouge","BOROUGE.AE","20380038133","0.68","United Arab Emirates"
"963","Tenaris","TS","20373426176","37.68","Luxembourg"
"964","George Weston","WN.TO","20268067374","154.899","Canada"
"965","LTIMindtree","LTIM.NS","20262172309","68.363","India"
"966","East Japan Railway","9020.T","20236773500","17.8882","Japan"
"967","Zebra Technologies","ZBRA","20216264704","391.94","United States"
"968","BeiGene","BGNE","20209121280","184.71","China"
"969","Ajinomoto","2802.T","20145521187","40.2638","Japan"
"970","Tyson Foods","TSN","20120213504","56.49","United States"
"971","Gulf Energy Development Public Company","GULF.BK","20106422812","1.71365","Thailand"
"972","Nidec","6594.T","20096946583","17.3402","Japan"
"973","Teva Pharmaceutical Industries","TEVA","20088975360","17.73","Israel"
"974","Carlyle Group","CG","20087363584","56.16","United States"
"975","SS&C Technologies","SSNC","20050100224","80.95","United States"
"976","Prysmian Group","PRY.MI","20039464388","69.8475","Italy"
"977","Huatai Securities","601688.SS","20020042623","2.34338","China"
"978","KE Holdings","BEKE","20018006016","17.43","China"
"979","Banco Bradesco","BBD","19975137280","2.11","Brazil"
"980","Vedanta","VEDL.NS","19951752986","5.10224","India"
"981","KeyCorp (KeyBank)","KEY","19900084224","17.98","United States"
"982","International Consolidated Airlines","BABWF","19873515520","3.88","Spain"
"983","Alinma Bank","1150.SR","19791749552","7.96744","Saudi Arabia"
"984","Daiwa House","1925.T","19770578987","31.5792","Japan"
"985","Capitec Bank","CPI.JO","19739174000","170.447","South Africa"
"986","Poste Italiane","PST.MI","19726135895","15.237","Italy"
"987","CMS Energy","CMS","19719809024","66","United States"
"988","The Saudi British Bank","1060.SR","19716990582","9.59562","Saudi Arabia"
"989","Clorox","CLX","19641567232","158.68","United States"
"990","QBE Insurance","QBE.AX","19595138426","13.0165","Australia"
"991","Dick's Sporting Goods","DKS","19557978112","240.05","United States"
"992","DocuSign","DOCU","19541686272","96.73","United States"
"993","Insulet","PODD","19526909952","278.38","United States"
"994","Steel Dynamics","STLD","19517806592","128.2","United States"
"995","Nomura Research Institute","4307.T","19511397809","34.1259","Japan"
"996","Power Corporation of Canada","POW.TO","19483597093","30.373","Canada"
"997","Grasim Industries","GRASIM.NS","19483340022","29.0004","India"
"998","Banorte","GFNORTEO.MX","19478965407","6.92423","Mexico"
"999","MTR Corporation","0066.HK","19408324260","3.12482","Hong Kong"
"1000","Tata Steel","TATASTEEL.NS","19407400654","1.5561","India"